{"cameraMode":{"drawMode":0,"name":"Shaded","section":"Shading Mode"},"sceneLighting":true,"audioPlay":false,"sceneViewState":{"m_AlwaysRefresh":false,"showFog":true,"showSkybox":true,"showFlares":true,"showImageEffects":true,"showParticleSystems":true,"showVisualEffectGraphs":true,"m_FxEnabled":true},"in2DMode":false,"pivot":{"x":-77.7137222290039,"y":31.425643920898439,"z":356.1124267578125},"rotation":{"x":0.007552308961749077,"y":-0.8858141303062439,"z":0.4638221561908722,"w":0.014114322140812874},"size":84.34777069091797,"orthographic":false}