{"cameraMode":{"drawMode":0,"name":"Shaded","section":"Shading Mode"},"sceneLighting":true,"audioPlay":false,"sceneViewState":{"m_AlwaysRefresh":false,"showFog":true,"showSkybox":true,"showFlares":true,"showImageEffects":true,"showParticleSystems":true,"showVisualEffectGraphs":true,"m_FxEnabled":true},"in2DMode":false,"pivot":{"x":10.685661315917969,"y":2.6560425758361818,"z":0.44714221358299258},"rotation":{"x":0.24255025386810304,"y":-0.3612499535083771,"z":0.11227919161319733,"w":0.8932433128356934},"size":0.8660253882408142,"orthographic":false}